Name,Tier
ondevi GmbH,GOLD MASTER
Sticky Digital,PLATINUM MASTER
Growth Gurus,ELITE MASTER
Lunar Solar Group,ELITE MASTER
Northern Commerce,ELITE MASTER
AMB Interactive,ELITE MASTER
Arctic Leaf,ELITE MASTER
Flowium,ELITE MASTER
MAILODY GmbH,ELITE MASTER
Underground Ecom,ELITE MASTER
Tinuiti,ELITE MASTER
Growth Gurus,ELITE MASTER
IM Digital,ELITE MASTER
Hustler Marketing,ELITE MASTER
BMO Media,ELITE MASTER
PAASE,ELITE MASTER
Magnet Monster,ELITE MASTER
Mineral.io,ELITE MASTER
Homestead Studio,ELITE MASTER
Chronos Agency,ELITE MASTER
Andzen,ELITE MASTER
Elephant Room,ELITE MASTER
eHouse Studio,ELITE MASTER
Fuel Made,ELITE MASTER
Zettler Digital,ELITE MASTER
Brynley King,ELITE MASTER
Groove Commerce,ELITE MASTER
Ackermann,ELITE MASTER
Electriq,ELITE MASTER
EmailClub,ELITE MASTER
Absolute Web,ELITE MASTER
&BAM,ELITE MASTER
Code,ELITE MASTER
SmartBug Media,ELITE MASTER
LION Digital,ELITE MASTER
Power Digital,ELITE MASTER
UN/COMMON AGENCY,ELITE MASTER
Garay Ecommerce Marketing,PLATINUM MASTER
In the Inbox,PLATINUM MASTER
Hashtag Monday,PLATINUM MASTER
Reload Digital,PLATINUM MASTER
SDG,PLATINUM MASTER
Obsidian Digital,PLATINUM MASTER
Colorz,PLATINUM MASTER
Boundless Labs - A Top Klaviyo Email Marketing Agency Partner,PLATINUM MASTER
Future Holidays,PLATINUM MASTER
DOE Media,PLATINUM MASTER
DataSauce,PLATINUM MASTER
KapturBox,PLATINUM MASTER
Highland Growth Partners,PLATINUM MASTER
Sticky Digital,PLATINUM MASTER
Metric Digital,PLATINUM MASTER
Logical Position,PLATINUM MASTER
The Working Party,PLATINUM MASTER
The Maze Group,PLATINUM MASTER
Classy Llama,PLATINUM MASTER
Email Experts,PLATINUM MASTER
Wpromote,PLATINUM MASTER
LDX Marketing,PLATINUM MASTER
Ematic Solutions,PLATINUM MASTER
A-Game Digital,PLATINUM MASTER
VAINER MARKETING,PLATINUM MASTER
Reynolds International Marketing AB,PLATINUM MASTER
s360,PLATINUM MASTER
Win At Ecommerce,PLATINUM MASTER
MOTIF,PLATINUM MASTER
VaynerCommerce,PLATINUM MASTER
Tequila Sunrise,PLATINUM MASTER
KlewdUp,PLATINUM MASTER
Arkhi,PLATINUM MASTER
SAMA Labs,PLATINUM MASTER
Impressive Digital,PLATINUM MASTER
Digital Pigeon,PLATINUM MASTER
The Orchard Agency,PLATINUM MASTER
MuteSix,PLATINUM MASTER
Human,PLATINUM MASTER
Flowstate,PLATINUM MASTER
Hawke Media,PLATINUM MASTER
Roswell NYC,PLATINUM MASTER
Orange Creative Co,PLATINUM MASTER
J7 Media,PLATINUM MASTER
ATTN Agency,PLATINUM MASTER
Overdose.,PLATINUM MASTER
LUXOR,PLATINUM MASTER
Budai Media,PLATINUM MASTER
Ecom Growers,PLATINUM MASTER
Brand Growth Experts,PLATINUM MASTER
mailmeisters,PLATINUM MASTER
Coalition Technologies,PLATINUM MASTER
White Canvas Co,PLATINUM MASTER
Disruptive Advertising,PLATINUM MASTER
Webmefy.com,PLATINUM MASTER
Trinity,PLATINUM MASTER
WeClick Group,PLATINUM MASTER
Social Lite,PLATINUM MASTER
ED Digital,PLATINUM MASTER
Alinga,PLATINUM MASTER
Avex,PLATINUM MASTER
ECD Digital Strategy,PLATINUM MASTER
Luck & Co,PLATINUM MASTER
Dtails,PLATINUM MASTER
Email Aptitude,PLATINUM MASTER
Milkshake Media,PLATINUM MASTER
Eastside Co,PLATINUM MASTER
Chameleon Collective,PLATINUM MASTER
Wavebreak,PLATINUM MASTER
Ecom Nation,PLATINUM MASTER
Top Growth Marketing,PLATINUM MASTER
Digital Media Team,PLATINUM MASTER
The Glow Group,PLATINUM MASTER
Retention Commerce,PLATINUM MASTER
Jumpstart Commerce,PLATINUM MASTER
PROGS Agency,PLATINUM MASTER
CrucialPoint,PLATINUM MASTER
Rock City Lab,PLATINUM MASTER
Subjectlime,PLATINUM MASTER
Novatize,PLATINUM MASTER
Centric Squared,PLATINUM MASTER
Olivia Jenkins Consulting,PLATINUM MASTER
The Snow Agency,PLATINUM MASTER
1o8,PLATINUM MASTER
Reload Media,PLATINUM MASTER
"C4 Social, LLC",PLATINUM MASTER
CodeCrew,PLATINUM MASTER
Structured Agency,PLATINUM MASTER
Monkedia,PLATINUM MASTER
Polaris Growth,PLATINUM MASTER
Megaphone Marketing,PLATINUM MASTER
Arcady Media,PLATINUM MASTER
Amerisales.com,PLATINUM MASTER
> Mastrat - Retention Pros <,PLATINUM MASTER
e2 Agency,PLATINUM MASTER
PCR,PLATINUM MASTER
Ask Phill,PLATINUM MASTER
Built by Love,PLATINUM MASTER
Krish TechnoLabs,PLATINUM MASTER
Agital,PLATINUM MASTER
Qualify Digital Labs,PLATINUM MASTER
Eventige Media Group,PLATINUM MASTER
Three Beacon Marketing,PLATINUM MASTER
Greg Getner,PLATINUM MASTER
DigitlHaus Agency,PLATINUM ADVISOR
iamota corporation,PLATINUM ADVISOR
Fostr,PLATINUM ADVISOR
Domaine,PLATINUM ADVISOR
W3lead,PLATINUM ADVISOR
Pipelabs,PLATINUM ADVISOR
Rightpoint,PLATINUM ADVISOR
Metacake,PLATINUM ADVISOR
Blue Acorn iCi,PLATINUM ADVISOR
GR0,PLATINUM ADVISOR
Swanky,PLATINUM ADVISOR
1r,PLATINUM ADVISOR
Convert Digital,PLATINUM ADVISOR
Moustache Republic,PLATINUM ADVISOR
Velstar,PLATINUM ADVISOR
We Make Websites,PLATINUM ADVISOR
BVA Commerce,PLATINUM ADVISOR
C U R I O,PLATINUM ADVISOR
CQL,PLATINUM ADVISOR
Vervaunt,PLATINUM ADVISOR
Diff Agency,PLATINUM ADVISOR
Pertinence Media,PLATINUM ADVISOR
Tavano Team,PLATINUM ADVISOR
adQuadrant,GOLD MASTER
tecHindustan,GOLD MASTER
BYOUNIC,GOLD MASTER
Ember Tribe,GOLD MASTER
Flywheel Digital,GOLD MASTER
Max Digital,GOLD MASTER
Longplay,GOLD MASTER
Blue Stout,GOLD MASTER
Tako Agency,GOLD MASTER
ZinMarketing Inc.,GOLD MASTER
ondevi GmbH,GOLD MASTER
Newfive,GOLD MASTER
DYODE,GOLD MASTER
Ecomitize,GOLD MASTER
WebdesignTilburg,GOLD MASTER
Growbix,GOLD MASTER
Ivy & Co. Studio,GOLD MASTER
Alchemy Worx,GOLD MASTER
The Email Agency,GOLD MASTER
Impulso Media,GOLD MASTER
Karizma Marketing,GOLD MASTER
BlueSwitch,GOLD MASTER
Not Selling Liquid,GOLD MASTER
Foundation Commerce,GOLD MASTER
30acres,GOLD MASTER
LimeLight Marketing,GOLD MASTER
agencyJR,GOLD MASTER
Radikal,GOLD MASTER
Z21 STUDIO,GOLD MASTER
85SIXTY,GOLD MASTER
Best Worlds,GOLD MASTER
Greenfish Marketing,GOLD MASTER
Saleslion suomi oy,GOLD MASTER
Mailboosters,GOLD MASTER
Lilo Social,GOLD MASTER
EcommerceGrowth.com,GOLD MASTER
Essence of Email,GOLD MASTER
Affluent.co,GOLD MASTER
Mint Ave Marketing,GOLD MASTER
CrankTank,GOLD MASTER
Kubix Media,GOLD MASTER
Akers Digital,GOLD MASTER
Rod Bland Agency,GOLD MASTER
Email By Design,GOLD MASTER
IMPRO Email agency,GOLD MASTER
IntuitSolutions,GOLD MASTER
Right Click Retention,GOLD MASTER
Calibrate,GOLD MASTER
Email Marketing Pros,GOLD MASTER
PeakActivity,GOLD MASTER
Collab Bar,GOLD MASTER
Wave Commerce,GOLD MASTER
Devote Digital,GOLD MASTER
Mastroke,GOLD MASTER
Creapuff,GOLD MASTER
Electric Eye Agency,GOLD MASTER
SKU Agency,GOLD MASTER
Fingerspitz B.V.,GOLD MASTER
Endrock Growth & Analytics,GOLD MASTER
Aurora E-commerce Ltd,GOLD MASTER
Stimulate,GOLD MASTER
Ignite Visibility,GOLD MASTER
DBNY,GOLD MASTER
H1 Webdevelopment,GOLD MASTER
O2 Commerce,GOLD MASTER
Blend Commerce,GOLD MASTER
Lamb Agency,GOLD MASTER
Mighty Monday,GOLD MASTER
Retention7,GOLD MASTER
Hidden Tempo,GOLD MASTER
SmartSites,GOLD MASTER
Common Thread Collective,GOLD MASTER
Buckland Co.,GOLD MASTER
Chain Social Agency,GOLD MASTER
Maukau,GOLD MASTER
Vex Media Group,GOLD MASTER
The Dot Society,GOLD MASTER
Group 8A,GOLD MASTER
Jellywall,GOLD MASTER
XO Agency,GOLD MASTER
Online Retail Guy,GOLD MASTER
Stream Commerce,GOLD MASTER
In Social,GOLD MASTER
STRAT3GIC Marketing,GOLD MASTER
SmartMail,GOLD MASTER
ECOM DEPARTMENT,GOLD MASTER
eCommerce Today Agency,GOLD MASTER
Trellis,GOLD MASTER
Nano Media,GOLD MASTER
Pivotal,GOLD MASTER
Dunk,GOLD MASTER
Melusine Studio,GOLD MASTER
Born Interactive,GOLD MASTER
Aeolidia,GOLD MASTER
Unstoppable,GOLD MASTER
Loyal Tribe,GOLD MASTER
Huge Win Media,GOLD MASTER
GoodKarma,GOLD MASTER
Ragnarok,GOLD MASTER
Fox Digital,GOLD MASTER
Productpreneur Marketing,GOLD MASTER
Moen & Co,GOLD MASTER
Rareview,GOLD MASTER
Fat Earth Media,GOLD MASTER
Indico Digital Marketing,GOLD MASTER
SmartClick Advertising,GOLD MASTER
Swyft Interactive,GOLD MASTER
Focused Email,GOLD MASTER
The Taproom,GOLD MASTER
Chorus Collective,GOLD MASTER
DIDO Agency,GOLD MASTER
TAG,GOLD MASTER
Zyber,GOLD MASTER
58 Clicks,GOLD MASTER
Jula Creative,GOLD MASTER
Underwaterpistol,GOLD MASTER
DMi Partners,GOLD MASTER
Minnesota Interactive,GOLD MASTER
Standard Ecom,GOLD MASTER
Kulin,GOLD MASTER
Thrivelia,GOLD MASTER
Class A Media,GOLD MASTER
Emailio,GOLD MASTER
Phoenix Direct,GOLD MASTER
Quantum Lifecycle Marketing,GOLD MASTER
Landing Partners,GOLD MASTER
Barrel,GOLD MASTER
EmailPerformanceMarketing,GOLD MASTER
MarketKing,GOLD MASTER
11 Agency,GOLD MASTER
Propeller,GOLD ADVISOR
Silk Email,GOLD ADVISOR
Noetic Creative,GOLD ADVISOR
R6B Inc.,GOLD ADVISOR
FM Development LLC,GOLD ADVISOR
Woolman,GOLD ADVISOR
Space 48,GOLD ADVISOR
Kvantum,GOLD ADVISOR
Jamersan,GOLD ADVISOR
Agence PM,GOLD ADVISOR
76CREATIVE,GOLD ADVISOR
Lucid,GOLD ADVISOR
Glaze Digital Ltd,GOLD ADVISOR
AXOME,GOLD ADVISOR
Anatta,GOLD ADVISOR
Quickfire Digital,GOLD ADVISOR
Mercutio,GOLD ADVISOR
RuiZhiDong.com,GOLD ADVISOR
Made by Field,GOLD ADVISOR
GPMD Limited,GOLD ADVISOR
Corra,GOLD ADVISOR
Lee Groenewegen,GOLD ADVISOR
StudioForty9,GOLD ADVISOR
Response Media,GOLD ADVISOR
Scoutside,GOLD ADVISOR
Eastmont Digital,GOLD ADVISOR
Maunder Marketing,GOLD ADVISOR
Multidigital.co.uk,GOLD ADVISOR
Prosper Digital,GOLD ADVISOR
Loudley,GOLD ADVISOR
Sovi Creative,GOLD ADVISOR
blubolt,GOLD ADVISOR
Latori GmbH,GOLD ADVISOR
Milk Bottle Labs,GOLD ADVISOR
Tadpull,GOLD ADVISOR
Riess Group,GOLD ADVISOR
SeaMonster Studios,GOLD ADVISOR
Strawberry,GOLD ADVISOR
Four13 Group,GOLD ADVISOR
Brian Poole,GOLD ADVISOR
RafterOne,GOLD ADVISOR
Studio 31,GOLD ADVISOR
Process Creative,GOLD ADVISOR
Alt & Dot,GOLD ADVISOR
Jessie Goh,SILVER MASTER
HiFlyer Digital,SILVER MASTER
Blendium,SILVER MASTER
Sentius Digital,SILVER MASTER
Finlayson Digital,SILVER MASTER
DigitalJAS,SILVER MASTER
Email Composed,SILVER MASTER
Maison MRKT,SILVER MASTER
Infinite Showrooms,SILVER MASTER
Mr Digital,SILVER MASTER
Optimising,SILVER MASTER
Sprague Media,SILVER MASTER
Prestige Pro Media,SILVER MASTER
Island City Media LLC,SILVER MASTER
Major Tom,SILVER MASTER
The Email Funnels Agency,SILVER MASTER
Plum Tree Group,SILVER MASTER
FuturSend,SILVER MASTER
YourStoreMatters,SILVER MASTER
West Point Digital,SILVER MASTER
Kintsugi Digital,SILVER MASTER
BrakeThru Marketing,SILVER MASTER
Prologue Beauty Collective,SILVER MASTER
Inbox Marketing,SILVER MASTER
Hello Ecommerce,SILVER MASTER
"Sixth & Rose Consulting, LLC",SILVER MASTER
eCommerce Badassery with Jessica Totillo Coster,SILVER MASTER
Digital Entrepreneur Bootcamp,SILVER MASTER
Digital Influence,SILVER MASTER
Sustentable Digital,SILVER MASTER
Online Marketing Gurus,SILVER MASTER
Medito Digital,SILVER MASTER
Email For Ecom,SILVER MASTER
Mastering PoP,SILVER MASTER
Harvey,SILVER MASTER
Trafiko,SILVER MASTER
TatJones,SILVER MASTER
North Media,SILVER MASTER
Joshua Hall Design,SILVER MASTER
Restful,SILVER MASTER
eCommerce Cosmos,SILVER MASTER
Dudigital,SILVER MASTER
SRW Agency,SILVER MASTER
PaintPass,SILVER MASTER
Elkfox,SILVER MASTER
Good & Gold Marketing,SILVER MASTER
Meekco.Asia,SILVER MASTER
OwnedGrowth,SILVER MASTER
Magecloud,SILVER MASTER
growthbuster,SILVER MASTER
Conversion Perk,SILVER MASTER
Return,SILVER MASTER
Marvya GmbH,SILVER MASTER
Wamba,SILVER MASTER
YYT,SILVER MASTER
Gallantway,SILVER MASTER
J4 Studios,SILVER MASTER
House of Ecom,SILVER MASTER
Refuel Creative,SILVER MASTER
StrategiQ,SILVER MASTER
Great White Media,SILVER MASTER
Levitate Foundry,SILVER MASTER
Cobble Hill,SILVER MASTER
Hypewell,SILVER MASTER
Optimum7,SILVER MASTER
HBGO,SILVER MASTER
Solstium,SILVER MASTER
Centis Digital,SILVER MASTER
OnlyGrowth,SILVER MASTER
Shine United,SILVER MASTER
Tetra Marketing,SILVER MASTER
Glass Elephant,SILVER MASTER
ICEE Social,SILVER MASTER
Interstice Consulting,SILVER MASTER
Obviouslee Marketing,SILVER MASTER
ShineDesign Studio,SILVER MASTER
Low Gravity Solutions LLC,SILVER MASTER
"Team Five, Inc.",SILVER MASTER
Eleyae Systems,SILVER MASTER
Igniterate,SILVER MASTER
Lake House Group,SILVER MASTER
Joopio,SILVER MASTER
The Retail Strategists,SILVER MASTER
AFLUENCR,SILVER MASTER
Flight Media,SILVER MASTER
Thooja,SILVER MASTER
Your Marketing People,SILVER MASTER
Highlighter Ecommerce Studio,SILVER MASTER
Lemons Agency LLC,SILVER MASTER
Disruptive Digital,SILVER MASTER
AdVision Interactive SRL,SILVER MASTER
Pique,SILVER MASTER
Cartlyfts,SILVER MASTER
Upify,SILVER MASTER
Admire Marketing,SILVER MASTER
AccelGrow,SILVER MASTER
Pocket Square,SILVER MASTER
Key Ascent Ltd,SILVER MASTER
No Limit Email,SILVER MASTER
Keetrax,SILVER MASTER
Digital Mavens,SILVER MASTER
Algorize,SILVER MASTER
dc digital x,SILVER MASTER
BidPixel,SILVER MASTER
Performatic,SILVER MASTER
Social Climax Media,SILVER MASTER
and revenue GmbH,SILVER MASTER
Unmade,SILVER MASTER
"Inbox Army, LLC",SILVER MASTER
Freelance growth consultant,SILVER MASTER
Grow Me Group AB,SILVER MASTER
Yeti Commerce,SILVER MASTER
Naughton & Bird,SILVER MASTER
Goose,SILVER MASTER
Pacific IQ,SILVER MASTER
Just Send It Marketing,SILVER MASTER
Elevate Digital LTD,SILVER MASTER
Studios Mercuyra,SILVER MASTER
Red Van Workshop,SILVER MASTER
Heavy Head Social,SILVER MASTER
BrandUp Factory GmbH,SILVER MASTER
5 Ronin Media,SILVER MASTER
Roly Holdings Ltd,SILVER MASTER
Digital Flirt,SILVER MASTER
The Thoughtful Agency,SILVER MASTER
Dealwithgrowth,SILVER MASTER
Freelance Crew,SILVER MASTER
Optikal,SILVER MASTER
The Good Marketer,SILVER MASTER
WEEBY Agency,SILVER MASTER
Surefire Media,SILVER MASTER
Verz Design,SILVER MASTER
Local Light Marketing,SILVER MASTER
TFC Marketing,SILVER MASTER
digitalsprung GmbH,SILVER MASTER
iBec Creative,SILVER MASTER
Radical,SILVER MASTER
Olatu Digital,SILVER MASTER
OXG Media,SILVER MASTER
RIESENIA.com,SILVER MASTER
AG3NCY,SILVER MASTER
Ignite Your Brand,SILVER MASTER
Rich Cherry,SILVER MASTER
Send It,SILVER MASTER
TRCH,SILVER MASTER
ROI Swift,SILVER MASTER
LatitudeBOX,SILVER MASTER
VentureWeb Design Ltd.,SILVER MASTER
SellerAct,SILVER MASTER
44er GmbH,SILVER MASTER
Willow Ridge Digital Ltd,SILVER MASTER
Vacay Social,SILVER MASTER
efelle creative,SILVER MASTER
Yggdrasil Data Plattform AS,SILVER MASTER
Social Swans,SILVER MASTER
Nethart,SILVER MASTER
Webistry,SILVER MASTER
Snack Size,SILVER MASTER
Kickstand Digital LLC,SILVER MASTER
It's Personal | Customer Loyalty for DTC Brands,SILVER MASTER
FOMO agency,SILVER MASTER
Postman Agency,SILVER MASTER
ElliotDigital,SILVER MASTER
sjmedia,SILVER MASTER
Wired Messenger Inc.,SILVER MASTER
JPORT Media,SILVER MASTER
Get Better Ltd,SILVER MASTER
digifly,SILVER MASTER
WHIPSAW Media,SILVER MASTER
Krivy Co,SILVER MASTER
Swello Marketing,SILVER MASTER
Fidelitas Development,SILVER MASTER
Fluid Commerce,SILVER MASTER
Digital Aje,SILVER MASTER
Pixel,SILVER MASTER
Verkko Strategies,SILVER MASTER
K&J Web Productions,SILVER MASTER
Labyrinth Digital,SILVER MASTER
Digital Web London,SILVER MASTER
Pilothouse Digital,SILVER MASTER
Rocket Conversions,SILVER MASTER
WM.Digital,SILVER MASTER
The Brandon Agency,SILVER MASTER
Digital Six,SILVER MASTER
Digital Convulsions,SILVER MASTER
Technology Therapy Group,SILVER MASTER
Evestar,SILVER MASTER
Calashock,SILVER MASTER
Pop Marketing Agency,SILVER MASTER
Strix,SILVER MASTER
Evocative Media,SILVER MASTER
Sharp Media Agency,SILVER MASTER
ShopWorks,SILVER MASTER
Milked Media,SILVER MASTER
The Hype Society,SILVER MASTER
Onefeed,SILVER MASTER
Revity,SILVER MASTER
Optimal Digital Marketing,SILVER MASTER
Black Lemon,SILVER MASTER
Maze (Studio Maze Design),SILVER MASTER
BEMEIR,SILVER MASTER
Caffeine and Commerce,SILVER MASTER
Magnetic Creative,SILVER MASTER
Harland Digital,SILVER MASTER
eCom Maniacs,SILVER MASTER
The Ecommerce Factory,SILVER MASTER
Strategy Maven Agency,SILVER MASTER
Reach Realm,SILVER MASTER
United Districts,SILVER MASTER
BOOM Marketing Hungary,SILVER MASTER
Bô-Soleil,SILVER MASTER
Garrison Everest,SILVER MASTER
Develop Bright,SILVER MASTER
The Brand Build LLC,SILVER MASTER
Haciendola Spa,SILVER MASTER
Bleu 3 inc.,SILVER MASTER
Elite Brands,SILVER MASTER
Bread Loaf,SILVER MASTER
Right Side Up,SILVER MASTER
FlowCandy,SILVER MASTER
Kinga Dow Productions,SILVER MASTER
Pendulum,SILVER MASTER
360 Funnels,SILVER MASTER
Alpha Digital,SILVER MASTER
Good Joo Joo,SILVER MASTER
Sharplife,SILVER MASTER
Harpia,SILVER MASTER
Atlas Ventures and Studios,SILVER MASTER
18th Digitech,SILVER MASTER
Other.,SILVER MASTER
Tandem Commerce,SILVER MASTER
Litmus7 Systems Consulting Inc,SILVER MASTER
Searchmind ApS,SILVER MASTER
Mailvericks,SILVER MASTER
Makers Creative LLC,SILVER MASTER
Original Reel,SILVER MASTER
webqem,SILVER MASTER
Ecommerce Boost,SILVER MASTER
Drop | e-business & love!,SILVER MASTER
FJ Solutions,SILVER MASTER
Shop Pop Marketing,SILVER MASTER
Email Alchemy,SILVER MASTER
Outdoor eCommerce,SILVER MASTER
Your Store Wizards,SILVER MASTER
WITHIN,SILVER MASTER
Sender Agency,SILVER MASTER
The Missing Ingredient,SILVER MASTER
First Pier,SILVER MASTER
Concise Digital Pty Ltd,SILVER MASTER
Nineteen Eighty Nine,SILVER MASTER
Wallaroo Media,SILVER MASTER
Crm360 Agency,SILVER MASTER
Robots Hate Monkeys,SILVER MASTER
Colewood Digital,SILVER MASTER
Darkroom,SILVER MASTER
The Email Experience,SILVER MASTER
X Agency,SILVER MASTER
Vulgar,SILVER MASTER
ThinkRenegade,SILVER MASTER
Sigl Creative,SILVER MASTER
Fundamentals Studio,SILVER MASTER
Webqam Groupe,SILVER MASTER
blueDRM GmbH,SILVER MASTER
Berridge Strategy Group,SILVER MASTER
Intensify,SILVER MASTER
Les Voisins,SILVER MASTER
Pilot,SILVER MASTER
Digital Eagles,SILVER MASTER
Viber Consulting,SILVER MASTER
Coast Digital,SILVER MASTER
"Beacon Digital Group, LLC",SILVER MASTER
VELOVATE,SILVER MASTER
Loop Club,SILVER MASTER
Catapult Creative,SILVER MASTER
AAVYA,SILVER MASTER
Muse Marketing Agency,SILVER MASTER
Pattern,SILVER MASTER
AYKO,SILVER MASTER
SERP Co,SILVER MASTER
thebox,SILVER MASTER
Webit Interactive,SILVER MASTER
oBundle,SILVER MASTER
Advisory,SILVER MASTER
Digismoothie,SILVER MASTER
QeInbox,SILVER MASTER
Charle,SILVER ADVISOR
Rubix Agency,SILVER ADVISOR
Email Bullseye,SILVER ADVISOR
SMAKK Studios,SILVER ADVISOR
Inspira Digital,SILVER ADVISOR
Newbird,SILVER ADVISOR
MageMontreal,SILVER ADVISOR
Heretic Oy (Heretic Digital),SILVER ADVISOR
Realm Web Design,SILVER ADVISOR
Salt Media,SILVER ADVISOR
Blue Badger,SILVER ADVISOR
My Web Concepts,SILVER ADVISOR
Karnan Associates,SILVER ADVISOR
Northward,SILVER ADVISOR
Chevalier Advertising,SILVER ADVISOR
Nicolai Vittrup,SILVER ADVISOR
Ecommerce Intelligence,SILVER ADVISOR
Valid Resource,SILVER ADVISOR
Maven Marketing LAB,SILVER ADVISOR
Elcin Cetin Digital,SILVER ADVISOR
WeScale,SILVER ADVISOR
Ethercycle,SILVER ADVISOR
Like Digital,SILVER ADVISOR
Web Bureau,SILVER ADVISOR
XO Pandora,SILVER ADVISOR
Americaneagle.com,SILVER ADVISOR
Prosite Ventures Limited,SILVER ADVISOR
Nimble Digital,SILVER ADVISOR
Kwasi,SILVER ADVISOR
objectsource,SILVER ADVISOR
Relevant Digital,SILVER ADVISOR
Team Bespoke,SILVER ADVISOR
Bake More Pies,SILVER ADVISOR
Infinity Media,SILVER ADVISOR
Flagship LLC,SILVER ADVISOR
Randy Shoemaker,SILVER ADVISOR
TEXTA,SILVER ADVISOR
Intentional,SILVER ADVISOR
Ultro,SILVER ADVISOR
MOZAY,SILVER ADVISOR
Newstel,SILVER ADVISOR
Olivia Jenkins Consulting,SILVER ADVISOR
Reign Marketing,SILVER ADVISOR
Silk Commerce,SILVER ADVISOR
Sleepless Media,SILVER ADVISOR
We Are Humans,SILVER ADVISOR
& Grow Marketing,SILVER ADVISOR
Omnycode,SILVER ADVISOR
Verve™ | B Corp™,SILVER ADVISOR
128 Creative Collective,SILVER ADVISOR
ACR Digital,SILVER ADVISOR
The E-Commerce Business Coach,SILVER ADVISOR
"Merge (formerly Blue Moon Digital, Inc.)",SILVER ADVISOR
Dexter Agency,SILVER ADVISOR
The Wonder Agency Limited,SILVER ADVISOR
Brand Together,SILVER ADVISOR
Venture IT GmbH,SILVER ADVISOR
MageHD LLC,SILVER ADVISOR
SelfMade,SILVER ADVISOR
"Transcosmos America, Inc.",SILVER ADVISOR
1Digital Agency,SILVER ADVISOR
Automation People ApS,SILVER ADVISOR
Kyle Jewell,SILVER ADVISOR
Work in Progress,SILVER ADVISOR
Big Presence,SILVER ADVISOR
NDMC,SILVER ADVISOR
Digital Darts,SILVER ADVISOR
Why Collective,SILVER ADVISOR
Lightbody Marketing,SILVER ADVISOR
Suture,SILVER ADVISOR
Storetasker,SILVER ADVISOR
Fisheye Media Ltd,SILVER ADVISOR
Tomorrows Designs,SILVER ADVISOR
Jimmie Quick,SILVER ADVISOR
Xcellio,SILVER ADVISOR
MI Academy,SILVER ADVISOR
Lucent Innovation,SILVER ADVISOR
JadePuma,SILVER ADVISOR
Bridgette Salley Digital,SILVER ADVISOR
Intelligo Denmark ApS,SILVER ADVISOR
Nukium,SILVER ADVISOR
Pimp My Brand Name LLC,SILVER ADVISOR
The Hope Factory,SILVER ADVISOR
SeedX Inc,SILVER ADVISOR
Praella,SILVER ADVISOR
The Shopify Expert,SILVER ADVISOR
Tante-E,SILVER ADVISOR
Redline Minds,SILVER ADVISOR
Mobe Digital Ltd,SILVER ADVISOR
Ecommerce Partners,SILVER ADVISOR
Lifestyle Marketing,SILVER ADVISOR
Prospect Knight,SILVER ADVISOR
Automation Central (NZ) Limited,SILVER ADVISOR
LaunchBoom,SILVER ADVISOR
Oasis Optimization,SILVER ADVISOR
Red Cube Production,SILVER ADVISOR
By Association Only,SILVER ADVISOR
INSCODER LIMITED,SILVER ADVISOR
Abby Rose Design,SILVER ADVISOR
YOURSTORY,SILVER ADVISOR
Perceptiv Digital,SILVER ADVISOR
GRAYBOX,SILVER ADVISOR
Commerce Machine,SILVER ADVISOR
Williams Commerce,SILVER ADVISOR
The Brand Collective,SILVER ADVISOR
Springboard Marketing,SILVER ADVISOR
Simple Solutions,SILVER ADVISOR
JnK Digital,SILVER ADVISOR
izest Marketing,SILVER ADVISOR
Shero Commerce,SILVER ADVISOR
SlickWeb,SILVER ADVISOR
Cake Agency,SILVER ADVISOR
Arrow Integration,SILVER ADVISOR
iSynergy,SILVER ADVISOR
Climb Online,SILVER ADVISOR
Erik Silver & Co,SILVER ADVISOR
Wavy Studios,SILVER ADVISOR
Ecommerce & Co,SILVER ADVISOR
ConversionBird,SILVER ADVISOR
Kazi Creative Agency,SILVER ADVISOR
NABO,SILVER ADVISOR
5874 Commerce,SILVER ADVISOR
Tiger Systems,SILVER ADVISOR
Q-Biz | eCommerce Agency,SILVER ADVISOR
Alli Clough Design,SILVER ADVISOR
Evalent Group AB,SILVER ADVISOR
Groundswell Growth,SILVER ADVISOR
The Right Way,SILVER ADVISOR
Smart eStrategy,SILVER ADVISOR
Distance Digital,SILVER ADVISOR
TWA LLC,SILVER ADVISOR
Text Connects,SILVER ADVISOR
Simplistic,SILVER ADVISOR
Kanuka Digital,SILVER ADVISOR
WebsiteBrush,SILVER ADVISOR
HaxTech,SILVER ADVISOR
The Cut,SILVER ADVISOR
pb+j,SILVER ADVISOR
Molsoft,SILVER ADVISOR
Red Door Interactive,SILVER ADVISOR
Irish Titan,SILVER ADVISOR
eCohete,SILVER ADVISOR
Kinex Media Inc.,SILVER ADVISOR
Renegade Empire,SILVER ADVISOR
Inspiir Media,SILVER ADVISOR
CRO Gurus,SILVER ADVISOR
Next Base Media,SILVER ADVISOR
In The Tidepool,SILVER ADVISOR
atmosol,SILVER ADVISOR
Endless Digital,KLAVIYO PARTNER
Fireside,KLAVIYO PARTNER
Redefine Solutions,KLAVIYO PARTNER
Frameless Digital,KLAVIYO PARTNER
eAccountable,KLAVIYO PARTNER
ReveMedia,KLAVIYO PARTNER
Audience11,KLAVIYO PARTNER
Titan Marketing,KLAVIYO PARTNER
Remarkable Commerce,KLAVIYO PARTNER
Create Utility,KLAVIYO PARTNER
ECOY,KLAVIYO PARTNER
Targeted Marketing,KLAVIYO PARTNER
Developer Squad,KLAVIYO PARTNER
Parkfield Commerce,KLAVIYO PARTNER
Vaimo,KLAVIYO PARTNER
Agora,KLAVIYO PARTNER
Omnie Integrated Services,KLAVIYO PARTNER
Sunrise Integration,KLAVIYO PARTNER
Ivana Watts,KLAVIYO PARTNER
SAI Digital,KLAVIYO PARTNER
Ben & Vic,KLAVIYO PARTNER
CB/I Digital,KLAVIYO PARTNER
Evolutive,KLAVIYO PARTNER
MailSoar,KLAVIYO PARTNER
Hot Dog Digital,KLAVIYO PARTNER
Laughlin Constable,KLAVIYO PARTNER
Small Talk,KLAVIYO PARTNER
Nogin,KLAVIYO PARTNER
Actable,KLAVIYO PARTNER
RetroFuzz,KLAVIYO PARTNER
ONWRD,KLAVIYO PARTNER
Pear Digital,KLAVIYO PARTNER
Tondo Fulfillment,KLAVIYO PARTNER
303,KLAVIYO PARTNER
Deviate Labs,KLAVIYO PARTNER
OpenMoves,KLAVIYO PARTNER
8returns,KLAVIYO PARTNER
Fluency Firm,KLAVIYO PARTNER
Enviary,KLAVIYO PARTNER
The Darl,KLAVIYO PARTNER
Growth MarkeTeam,KLAVIYO PARTNER
REV SCALE,KLAVIYO PARTNER
Skyrocket Studios,KLAVIYO PARTNER
Proof Digital,KLAVIYO PARTNER
ROADS® Advertising & Marketing Automation,KLAVIYO PARTNER
zebbie works,KLAVIYO PARTNER
MH Media,KLAVIYO PARTNER
Unique Paris,KLAVIYO PARTNER
Workean,KLAVIYO PARTNER
Mail-Marketing.gr,KLAVIYO PARTNER
Blue Wheel,KLAVIYO PARTNER
"Social Retail Marketing, Inc",KLAVIYO PARTNER
Gorilla Group,KLAVIYO PARTNER
UNRVLD,KLAVIYO PARTNER
"RNR Digital Media Grp, LLC",KLAVIYO PARTNER
Blenk Tech,KLAVIYO PARTNER
Sciart Marketing Limited,KLAVIYO PARTNER
Lambda Marketing,KLAVIYO PARTNER
Hey Frankie,KLAVIYO PARTNER
Brave Agency,KLAVIYO PARTNER
INDEZ Ltd,KLAVIYO PARTNER
Megantic,KLAVIYO PARTNER
CueBlocks Technologies,KLAVIYO PARTNER
Ballistic Agency,KLAVIYO PARTNER
SelectFew,KLAVIYO PARTNER
DotCollective,KLAVIYO PARTNER
Aries Solutions,KLAVIYO PARTNER
Campaign Creators,KLAVIYO PARTNER
Cro Metrics,KLAVIYO PARTNER
Taken Digital,KLAVIYO PARTNER
Unified,KLAVIYO PARTNER
JustIdea Agency,KLAVIYO PARTNER
Digital Butter,KLAVIYO PARTNER
4Digital Consulting,KLAVIYO PARTNER
Six Bar Consulting,KLAVIYO PARTNER
RubLine Marketing,KLAVIYO PARTNER
Grandly,KLAVIYO PARTNER
Xamtac Consulting,KLAVIYO PARTNER
Flatline Agency,KLAVIYO PARTNER
Kyroc,KLAVIYO PARTNER
RevGrowth Email Agency,KLAVIYO PARTNER
Wildlives Media,KLAVIYO PARTNER
Bobby Leonard - Freelance Klaviyo Marketing Expert,KLAVIYO PARTNER
Suzanne Rose Marketing,KLAVIYO PARTNER
Blossom Ecom,KLAVIYO PARTNER
VooDoo Digital,KLAVIYO PARTNER
Junto,KLAVIYO PARTNER
dear digital,KLAVIYO PARTNER
Fenomenal,KLAVIYO PARTNER
Simple Strategies Group,KLAVIYO PARTNER
UV Designs,KLAVIYO PARTNER
Hells Creative,KLAVIYO PARTNER
MoJo Active,KLAVIYO PARTNER
Iris Worldwide,KLAVIYO PARTNER
Grit Studio,KLAVIYO PARTNER
Aplo Group,KLAVIYO PARTNER
